{"indexes":[{"v":{"$numberInt":"2"},"key":{"_id":{"$numberInt":"1"}},"name":"_id_"},{"v":{"$numberInt":"2"},"key":{"_ownerId":{"$numberInt":"1"}},"name":"_ownerId_index"},{"v":{"$numberInt":"2"},"key":{"traces._id":{"$numberInt":"1"}},"name":"traces._id_index"},{"v":{"$numberInt":"2"},"key":{"traces._propertyId":{"$numberInt":"1"}},"name":"traces._propertyId_index"},{"v":{"$numberInt":"2"},"key":{"images._id":{"$numberInt":"1"}},"name":"images._propertyId_index"},{"v":{"$numberInt":"2"},"key":{"images._propertyId":{"$numberInt":"1"}},"name":"images._id_index"}],"uuid":"6ea3e676c4a64096b4c466c38a3371f5","collectionName":"properties","type":"collection"}